family,mfg,cat,desc,rating,type,assycode,footprint
PB,SAMPLE-MFG,800FP-F3,"22MM FLUSH PUSH BUTTON, GREEN, MOMENTARY",10A 600V,NO,,WD_FP_PB
PB,SAMPLE-MFG,800FP-F4,"22MM FLUSH PUSH BUTTON, RED, MOMENTARY",10A 600V,NC,,WD_FP_PB
PB,SAMPLE-MFG,800FP-E4,"22MM E-STOP, RED MUSHROOM, TWIST RELEASE",10A 600V,NC,,WD_FP_PB
CR,SAMPLE-MFG,700-HA32A1,"GP RELAY, 3PDT, 120VAC COIL, 8-PIN OCTAL",10A 300V,,,WD_FP_CR
CR,SAMPLE-MFG,700-HA32Z24,"GP RELAY, 3PDT, 24VDC COIL, 8-PIN OCTAL",10A 300V,,,WD_FP_CR
M,SAMPLE-MFG,100-C09D10,"IEC CONTACTOR, 9A, 3-POLE, 120VAC COIL, 1 N.O. AUX",9A 600V,,,WD_FP_M
M,SAMPLE-MFG,100-C23D10,"IEC CONTACTOR, 23A, 3-POLE, 120VAC COIL, 1 N.O. AUX",23A 600V,,,WD_FP_M
OL,SAMPLE-MFG,193-EECB,"E1 PLUS OVERLOAD RELAY, 1.0-5.0A, CLASS 10",5A,,,WD_FP_OL
CB,SAMPLE-MFG,1489-M1C100,"MINIATURE CIRCUIT BREAKER, 1-POLE, 10A, C CURVE",10A 480Y/277V,,,WD_FP_CB
CB,SAMPLE-MFG,1489-M3C200,"MINIATURE CIRCUIT BREAKER, 3-POLE, 20A, C CURVE",20A 480Y/277V,,,WD_FP_CB
LT,SAMPLE-MFG,800FP-P3,"22MM PILOT LIGHT, GREEN, 120VAC LED",120VAC,,,WD_FP_LT
LT,SAMPLE-MFG,800FP-P4,"22MM PILOT LIGHT, RED, 120VAC LED",120VAC,,,WD_FP_LT
PS,SAMPLE-MFG,1606-XLE120E,"POWER SUPPLY, 120W, 24VDC, 5A",100-240VAC IN,,,WD_FP_PS
TB,SAMPLE-MFG,1492-J4,"FEED-THROUGH TERMINAL BLOCK, 4MM2, GRAY",32A 600V,,,WD_FP_TB
